Time_Step,True_Diversity,AI_Predicted_Diversity
0,1.0,4.011486
1,11.0,4.011486
2,6.0,4.5026884
3,2.0,4.011486
4,2.0,3.0290813
